"PSC_CODE","PSC_DESC","TYPEOFGROUP","SIC_CODE","SIC_DESC"
1,"Agricultural production - crops","SIC","0101","COCOA"
1,"Agricultural production - crops","SIC","0111","WHEAT"
1,"Agricultural production - crops","SIC","0112","RICE"
1,"Agricultural production - crops","SIC","0115","CORN"
1,"Agricultural production - crops","SIC","0116","SOYBEANS"
1,"Agricultural production - crops","SIC","0119","CASH GRAINS, NEC"
1,"Agricultural production - crops","SIC","0131","COTTON"
1,"Agricultural production - crops","SIC","0132","TOBACCO"
1,"Agricultural production - crops","SIC","0133","SUGARCANE AND SUGAR BEETS"
1,"Agricultural production - crops","SIC","0134","IRISH POTATOES"
1,"Agricultural production - crops","SIC","0139","CROPS, EXCEPT CASH GRAINS, NEC"
1,"Agricultural production - crops","SIC","0161","VEGETABLES AND MELONS"
1,"Agricultural production - crops","SIC","0171","BERRY CROPS"
1,"Agricultural production - crops","SIC","0172","GRAPES"
1,"Agricultural production - crops","SIC","0173","TREE NUTS"
1,"Agricultural production - crops","SIC","0174","CITRUS FRUITS"
1,"Agricultural production - crops","SIC","0175","DECIDUOUS TREE FRUITS"
1,"Agricultural production - crops","SIC","0179","FRUITS AND TREE NUTS, NEC"
1,"Agricultural production - crops","SIC","0181","ORNAMENTAL NURSERY PRODUCTS"
1,"Agricultural production - crops","SIC","0182","FOOD CROPS GROWN UNDER COVER"
1,"Agricultural production - crops","SIC","0191","GENERAL FARMS, PRIMARILY CROP"
2,"Agricultural production - livestock","SIC","0271","FUR-BEARING ANIMALS & RABBITS"
2,"Agricultural production - livestock","SIC","0279","ANIMAL SPECIALTIES, NEC"
2,"Agricultural production - livestock","SIC","0291","FARMS, PRIMARILY LIVESTOCK"
7,"Agricultural services","SIC","0711","SOIL PREPARATION SERVICES"
7,"Agricultural services","SIC","0721","CROP PLANTING & PROTECTION"
7,"Agricultural services","SIC","0722","HARVESTING, PRIMARILY MACHINE"
7,"Agricultural services","SIC","0723","CROP PREP SERVICES FOR MARKET"
7,"Agricultural services","SIC","0724","COTTON GINNING"
7,"Agricultural services","SIC","0751","LIVESTOCK SERVICES, EXCEPT VET"
7,"Agricultural services","SIC","0752","ANIMAL SPECIAL SERV EXCEPT VET"
7,"Agricultural services","SIC","0761","FARM LABOR CONTRACT & CREW"
7,"Agricultural services","SIC","0762","FARM MANAGEMENT SERVICES"
7,"Agricultural services","SIC","0781","LANDSCAPE COUNSELING AND PLAN"
7,"Agricultural services","SIC","0782","LAWN AND GARDEN SERVICES"
7,"Agricultural services","SIC","0783","ORNAMENTAL SHRUB AND TREE SERV"
8,"Forestry","SIC","0811","TIMBER TRACTS"
8,"Forestry","SIC","0831","FOREST PRODUCTS"
8,"Forestry","SIC","0851","FORESTRY SERVICES"
9,"Fishing, hunting, and trapping","SIC","0912","FINFISH"
9,"Fishing, hunting, and trapping","SIC","0913","SHELLFISH"
9,"Fishing, hunting, and trapping","SIC","0919","MISCELLANEOUS MARINE PRODUCTS"
9,"Fishing, hunting, and trapping","SIC","0971","HUNT & TRAP & GAME PROPOGATION"
13,"Natural gas liquids","SIC","1321","NATURAL GAS LIQUIDS"
15,"General building contractors","SIC","1521","CONTRACTORS-SINGLE FAMILY HOUS"
15,"General building contractors","SIC","1522","GEN CONTRACT-RES, NOT SINFA"
15,"General building contractors","SIC","1531","OPERATIVE BUILDERS"
15,"General building contractors","SIC","1541","GEN CONTRACT-INDUST. BLDGS."
15,"General building contractors","SIC","1542","GEN CONTRACT, NON-RES BLDGS."
16,"Heavy construction, except building","SIC","1611","HWY & ST CONST., EXC. ELEV HWY"
16,"Heavy construction, except building","SIC","1622","BRIDGE, TUNNEL & ELEV HWY CONS"
16,"Heavy construction, except building","SIC","1623","H2O, SEW, PIPE & COM. & POWR"
17,"Special trade contractors","SIC","1711","PLUMB, HEAT & AIR CONDITIONING"
17,"Special trade contractors","SIC","1721","PAINTING AND PAPER HANGING"
17,"Special trade contractors","SIC","1731","ELECTRICAL WORK"
17,"Special trade contractors","SIC","1741","MASONRY, STONE SET, STONE WORK"
17,"Special trade contractors","SIC","1742","PLSTR, DRYWALL, ACOUS, & INSUL"
17,"Special trade contractors","SIC","1743","TERRAZZO,TILE,MARBLE, MOSAIC"
17,"Special trade contractors","SIC","1751","CARPENTRY WORK"
17,"Special trade contractors","SIC","1752","FLOOR LAY & OTHER FLOOR WORK"
17,"Special trade contractors","SIC","1761","ROOF, SIDE & SHEET METAL WORK"
17,"Special trade contractors","SIC","1771","CONCRETE WORK"
17,"Special trade contractors","SIC","1781","WATER WELL DRILLING"
17,"Special trade contractors","SIC","1791","STRUCTURAL STEEL ERECTION"
17,"Special trade contractors","SIC","1793","GLASS AND GLAZING WORK"
17,"Special trade contractors","SIC","1794","EXCAVATION WORK"
17,"Special trade contractors","SIC","1795","WRECKING AND DEMOLTION WORK"
17,"Special trade contractors","SIC","1796","INST OR ERECTION OF BLDG EQUIP"
17,"Special trade contractors","SIC","1799","SPECIAL TRADE CONTRACTORS, NEC"
20,"Food and kindred products","SIC","2016","POULTRY DRESSING PLANTS"
20,"Food and kindred products","SIC","2048","PREP FEEDS & INGRED FOR ANIMA"
20,"Food and kindred products","SIC","2080","BEVERAGES"
23,"Apparel and other textile products","SIC","2311","MEN'S & BOY'S SUITS, COATS"
23,"Apparel and other textile products","SIC","2321","MEN'S, & BOY'S SHIRTS"
23,"Apparel and other textile products","SIC","2323","MEN'S, YOUTH'S & BOYS NECKWEAR"
23,"Apparel and other textile products","SIC","2325","MEN & BOY SEP TROUSERS & SLACK"
23,"Apparel and other textile products","SIC","2326","MEN'S & BOY'S WORK CLOTHING"
23,"Apparel and other textile products","SIC","2329","MEN'S, YOUTH'S & BOY'S CLOTHNG"
23,"Apparel and other textile products","SIC","2331","WOMEN, MIS, JR' BLSES, WAISTS"
23,"Apparel and other textile products","SIC","2335","WOMEN'S, MISSES' & JRS' DRESS"
23,"Apparel and other textile products","SIC","2337","WOMEN, MIS', JRS' SUITS, SHIRT"
23,"Apparel and other textile products","SIC","2339","WOMEN'S, MISS' & JR' OUTERWEAR"
23,"Apparel and other textile products","SIC","2341","WOMENS,MIS',CHLD'S,INF UNDERWE"
23,"Apparel and other textile products","SIC","2342","BRASSIERS,GIRDLES & ALLIED GAR"
23,"Apparel and other textile products","SIC","2353","HATS, CAPS AND MILLINERY"
23,"Apparel and other textile products","SIC","2361","GIRLS, CHILDS & INFS OUTERWEAR"
23,"Apparel and other textile products","SIC","2369","GIRLS, CHILDS & INFS OUTERWEAR"
23,"Apparel and other textile products","SIC","2371","FUR GOODS"
23,"Apparel and other textile products","SIC","2381","DRESS & WK GLOVE EXC KNIT/LEAT"
23,"Apparel and other textile products","SIC","2384","ROBES & DRESSING GOWNS"
23,"Apparel and other textile products","SIC","2385","RAINCOATS & RAINGEAR"
23,"Apparel and other textile products","SIC","2386","LEATHER & SHEEP-LINED CLOTHING"
23,"Apparel and other textile products","SIC","2387","APPAREL BELTS"
23,"Apparel and other textile products","SIC","2389","APPAREL & ACCESSORIES, NEC"
23,"Apparel and other textile products","SIC","2391","CURTAINS & DRAPERIES"
23,"Apparel and other textile products","SIC","2392","HOUSEFURNISHINGS, EXC CURTAINS"
23,"Apparel and other textile products","SIC","2393","TEXTILE BAGS"
23,"Apparel and other textile products","SIC","2394","CANVAS & RELATED PRODUCTS"
23,"Apparel and other textile products","SIC","2395","PLEATING, DECOR/NOVELTY STITCH"
23,"Apparel and other textile products","SIC","2397","SCHIFFLI MACHINE EMBROIDERIES"
24,"Lumber and wood products","SIC","2411","LOGGING CAMPS/LOGGING CONTRACT"
24,"Lumber and wood products","SIC","2426","HARDWOOD DIMEN & FLOORING MILL"
24,"Lumber and wood products","SIC","2429","SPECIAL PRODUCT SAWMILLS NEC"
24,"Lumber and wood products","SIC","2440","WOOD CONTAINERS"
24,"Lumber and wood products","SIC","2441","NAILED/LOCK CORNER WOOD BOXES"
24,"Lumber and wood products","SIC","2448","WOOD PALLETS AND SKIDS"
24,"Lumber and wood products","SIC","2449","WOOD CONTAINERS NEC"
24,"Lumber and wood products","SIC","2451","MOBILE HOMES"
24,"Lumber and wood products","SIC","2452","PREFAB WOOD BLDGS & COMPONENTS"
25,"Furniture and fixtures","SIC","2515","MATTRESSES AND BEDSPRINGS"
25,"Furniture and fixtures","SIC","2519","HOUSEHOLD FURNITURE, NEC"
26,"Paper & Allied Products","SIC","2652","SET-UP PAPERBOARD BOXES"
26,"Paper & Allied Products","SIC","2673","BAGS, PLASTIC, LAMINA & COATED"
26,"Paper & Allied Products","SIC","2675","DIE-CUT PAPER,PAPERBRD/CARDBRD"
26,"Paper & Allied Products","SIC","2676","SANITARY PAPER PRODUCTS"
26,"Paper & Allied Products","SIC","2677","ENVELOPES"
26,"Paper & Allied Products","SIC","2678","STATIONERY,TABLETS & REL PROD"
31,"Leather & Leather Products","SIC","3131","BOOT & SHOE CUT STOCK & FINDNG"
31,"Leather & Leather Products","SIC","3142","HOUSE SLIPPERS"
31,"Leather & Leather Products","SIC","3143","MEN'S FOOTWEAR,EXCEPT ATHLETIC"
31,"Leather & Leather Products","SIC","3144","WOMEN'S FOOTWEAR,EXCEPT ATHLET"
31,"Leather & Leather Products","SIC","3149","FOOTWEAR, EXCEPT RUBBER NEC"
31,"Leather & Leather Products","SIC","3151","LEATHER GLOVES AND MITTENS"
31,"Leather & Leather Products","SIC","3161","LUGGAGE"
31,"Leather & Leather Products","SIC","3171","WOMEN'S HANDBAGS AND PURSES"
31,"Leather & Leather Products","SIC","3172","PERSONAL LEATHER GOODS,EXC HAN"
31,"Leather & Leather Products","SIC","3199","LEATHER GOODS NEC"
32,"Stone, Clay, & Glass Products","SIC","3271","CONCRETE BLOCK & BRICK"
32,"Stone, Clay, & Glass Products","SIC","3281","CUT STONE & STONE PRODUCTS"
33,"Primary Metal Industries","SIC","3332","PRIMARY LEAD"
33,"Primary Metal Industries","SIC","3360","NONFERROUS FOUNDRIES (CASTINGS)"
33,"Primary Metal Industries","SIC","3362","NONFERROUS FOUNDRIES (BRASS, BRONZE)"
36,"Electronic And Other Electrical Equipment And Components, Except Computer Equipment","SIC","3622","INDUSTRIAL CONTROLS"
36,"Electronic And Other Electrical Equipment And Components, Except Computer Equipment","SIC","3670","ELECTRONIC COMPONENTS & ACCESSORIES"
39,"Miscellaneous manuf. industries","SIC","3942","DOLLS"
39,"Miscellaneous manuf. industries","SIC","3952","LEAD PENCILS AND ART GOODS"
39,"Miscellaneous manuf. industries","SIC","3955","CARBON PAPER AND INKED RIBBONS"
39,"Miscellaneous manuf. industries","SIC","3991","BROOMS AND BRUSHES"
41,"Local & Interurban Passenger Transit","SIC","4111","LOCAL AND SUBURBAN TRANSIT"
41,"Local & Interurban Passenger Transit","SIC","4119","LOCAL PASSENGER TRANSPORTATION"
41,"Local & Interurban Passenger Transit","SIC","4121","TAXICABS"
41,"Local & Interurban Passenger Transit","SIC","4131","INTERCITY & RURAL BUS TRANSPOR"
41,"Local & Interurban Passenger Transit","SIC","4141","LOCAL BUS CHARTER SERVICE"
41,"Local & Interurban Passenger Transit","SIC","4142","BUS CHARTER SERVICE, EXC LOCAL"
41,"Local & Interurban Passenger Transit","SIC","4151","SCHOOL BUSES"
41,"Local & Interurban Passenger Transit","SIC","4173","BUS TERMINAL & SERVICE FACILIT"
42,"Trucking & Warehousing","SIC","4212","LOCAL TRUCKING WITHOUT STORAGE"
42,"Trucking & Warehousing","SIC","4213","TRUCKING, EXCEPT LOCAL"
42,"Trucking & Warehousing","SIC","4214","LOCAL TRUCKING WITH STORAGE"
42,"Trucking & Warehousing","SIC","4215","COURIER SERVICES, EXCEPT AIR"
42,"Trucking & Warehousing","SIC","4221","FARM PROD WAREHOUSING & STORAG"
42,"Trucking & Warehousing","SIC","4222","REFRIGERTAED WAREHOUSING & STO"
42,"Trucking & Warehousing","SIC","4225","GENERAL WAREHOUSING & STORAGE"
42,"Trucking & Warehousing","SIC","4226","SPECIAL WAREHOUSING & STORAGE"
42,"Trucking & Warehousing","SIC","4231","TRUCKING TERMINAL FACILITIES"
43,"U.S. Postal Service","SIC","4311","UNITED STATES POSTAL SERVICE"
44,"Water transportation","SIC","4412","DEEP SEA FOREIGN TRANSP OF FRE"
44,"Water transportation","SIC","4424","DEEP SEA DOMES TRANSP OF FREIG"
44,"Water transportation","SIC","4432","FREIGHT TRANSP ON THE GR LAKES"
44,"Water transportation","SIC","4449","WATER TRANSP OF FREIGHT, NEC"
44,"Water transportation","SIC","4481","DEEP SEA PAS TRANSP, EXC FERRY"
44,"Water transportation","SIC","4482","FERRIES"
44,"Water transportation","SIC","4489","WATER PASSENGER TRANSPORTATION"
44,"Water transportation","SIC","4492","TOWING AND TUGBOAT SERVICE"
44,"Water transportation","SIC","4493","MARINAS"
45,"Transportation by air","SIC","4512","AIR TRANSPORTATION, SCHEDULED"
45,"Transportation by air","SIC","4513","AIR COURIER SERVICES"
45,"Transportation by air","SIC","4522","AIR TRANSP, NONSCHEDULED"
46,"Pipelines, except natural gas","SIC","4613","REFINED PETROLEUM PIPELINE"
46,"Pipelines, except natural gas","SIC","4619","PIPELINES, NEC"
47,"Transportation services","SIC","4724","TRAVEL AGENCIES"
47,"Transportation services","SIC","4725","TOUR OPERATORS"
47,"Transportation services","SIC","4729","PASSENGER TRANSP ARRANGEMENT"
47,"Transportation services","SIC","4731","FREIGHT TRANSP ARRANGEMENT"
47,"Transportation services","SIC","4783","PACKING AND CRATING"
47,"Transportation services","SIC","4785","INSPECTION & FIXED FACILITIE"
47,"Transportation services","SIC","4789","TRANSPORTATION SERVICES, NEC"
48,"Communications","SIC","4812","RADIOTELEPHONE COMMUNICATIONS"
48,"Communications","SIC","4813","TELEPHONE COM, EXCEPT RADIO"
48,"Communications","SIC","4822","TELEGRAPH & OTHER COMMUNICATI"
48,"Communications","SIC","4832","RADIO BROADCASTING, NEC"
48,"Communications","SIC","4833","TELEVISION BROADCASTING"
48,"Communications","SIC","4841","CABLE & OTHER PAY TV SERVICES"
48,"Communications","SIC","4899","COMMUNICATION SERVICES, NEC"
49,"Electric, Gas, & Sanitary Services","SIC","4922","NATURAL GAS TRANSMISSION"
49,"Electric, Gas, & Sanitary Services","SIC","4923","NAT GAS TRANSMISSION & DISTRIB"
49,"Electric, Gas, & Sanitary Services","SIC","4924","NATURAL GAS DISTRIBUTION"
49,"Electric, Gas, & Sanitary Services","SIC","4932","GAS & OTHER SERVICES COMBINED"
49,"Electric, Gas, & Sanitary Services","SIC","4971","IRRIGATION SYSTEMS"
50,"Wholesale trade - durable goods","SIC","5012","AUTOMOBILES AND OTHER VEHICLES"
50,"Wholesale trade - durable goods","SIC","5013","MOTOR VEHICLE PARTS & NEW SUP"
50,"Wholesale trade - durable goods","SIC","5014","TIRES AND TUBES"
50,"Wholesale trade - durable goods","SIC","5015","MOTOR VEHICLE PARTS, USED"
50,"Wholesale trade - durable goods","SIC","5021","FURNITURE"
50,"Wholesale trade - durable goods","SIC","5023","HOMEFURNISHINGS"
50,"Wholesale trade - durable goods","SIC","5031","LUMBER,PLYWOOD,MILLWORK,& PANL"
50,"Wholesale trade - durable goods","SIC","5033","ROOFING, SIDING AND INSULATION"
50,"Wholesale trade - durable goods","SIC","5039","CONSTRUCTION MATERIALS, NEC"
50,"Wholesale trade - durable goods","SIC","5043","PHOTOGRAPHIC EQUIP & SUPPLIES"
50,"Wholesale trade - durable goods","SIC","5044","OFFICE EQUIPMENT"
50,"Wholesale trade - durable goods","SIC","5045","COMPUTERS, PERIPHERALS, & SOFT"
50,"Wholesale trade - durable goods","SIC","5046","COMMERCIAL EQUIPMENT, NEC"
50,"Wholesale trade - durable goods","SIC","5047","MEDICAL AND OFFICE EQUIPMENT"
50,"Wholesale trade - durable goods","SIC","5048","OPHTHALMIC GOODS"
50,"Wholesale trade - durable goods","SIC","5049","PROFESSIONAL EQUIPMENT, NEC"
50,"Wholesale trade - durable goods","SIC","5051","METAL SERVICE CENTERS & OFFICE"
50,"Wholesale trade - durable goods","SIC","5052","COAL & OTHER MINERALS & ORES"
50,"Wholesale trade - durable goods","SIC","5063","ELECTRICAL APPARATUS AND EQUIP"
50,"Wholesale trade - durable goods","SIC","5064","ELEC APPLIANCES/TV & RADIO SET"
50,"Wholesale trade - durable goods","SIC","5065","ELECTRONIC PARTS AND EQUIPMENT"
59,"Miscellaneous retail","SIC","5992","FLORISTS"
59,"Miscellaneous retail","SIC","5993","TOBACCO STORES AND STANDS"
59,"Miscellaneous retail","SIC","5994","NEWS DEALERS AND NEWSSTANDS"
59,"Miscellaneous retail","SIC","5995","OPTICAL GOODS STORES"
59,"Miscellaneous retail","SIC","5999","MISCELLANEOUS RETAIL STORES"
60,"Depository Institutions","SIC","6011","FEDERAL RESERVE BANKS"
60,"Depository Institutions","SIC","6019","CENTRAL RESERVE REPOSITORY"
60,"Depository Institutions","SIC","6021","NATIONAL COMMERCIAL BANKS"
60,"Depository Institutions","SIC","6022","STATE COMMERCIAL BANKS"
60,"Depository Institutions","SIC","6029","COMMERCIAL BANKS, NEC"
60,"Depository Institutions","SIC","6035","FEDERAL SAVINGS INSTITUTIONS"
60,"Depository Institutions","SIC","6036","SAVINGS INSTITUTIONS, EXC FED"
60,"Depository Institutions","SIC","6061","FEDERAL CREDIT UNIONS"
60,"Depository Institutions","SIC","6062","STATE CREDIT UNIONS"
60,"Depository Institutions","SIC","6081","FOREIGN BANK & BRANCHES & AGEN"
60,"Depository Institutions","SIC","6082","FOREIGN TRADE & INTERNAT BANKS"
60,"Depository Institutions","SIC","6091","NONDEPOSIT TRUST FACILTIES"
60,"Depository Institutions","SIC","6099","FUNCT RELATED TO DEP BANKING"
61,"Nondepository Institutions","SIC","6111","FEDERAL & FED-SPONSORED CREDIT"
61,"Nondepository Institutions","SIC","6141","PERSONAL CREDIT INSTITUTIONS"
61,"Nondepository Institutions","SIC","6153","SHORT-TERM BUS. CREDIT INSTITU"
61,"Nondepository Institutions","SIC","6159","MISC BUSINESS CREDIT INSTITUTI"
61,"Nondepository Institutions","SIC","6162","MORTG BANKERS & LOAN CORRESPON"
61,"Nondepository Institutions","SIC","6163","LOAN BROKERS"
62,"Security & Commodity Brokers","SIC","6211","SEC BROKERS/DEALERS/FLOTAT. CO"
62,"Security & Commodity Brokers","SIC","6221","COMMODITY CONTR BROKERS & DEAL"
62,"Security & Commodity Brokers","SIC","6231","SECURITY & COMMODITY EXCHANGES"
62,"Security & Commodity Brokers","SIC","6282","INVESTMENT ADVICE"
62,"Security & Commodity Brokers","SIC","6289","SECURITY & COMMODITY SERVICES"
63,"Insurance Carriers","SIC","6311","LIFE INSURANCE"
63,"Insurance Carriers","SIC","6321","ACCIDENT AND HEALTH INSURANCE"
63,"Insurance Carriers","SIC","6324","HOSPITAL & MEDICAL SERV PLANS"
63,"Insurance Carriers","SIC","6331","FIRE, MARINE & CASUALTY INSUR"
63,"Insurance Carriers","SIC","6351","SURETY INSURANCE"
63,"Insurance Carriers","SIC","6361","TITLE INSURANCE"
63,"Insurance Carriers","SIC","6371","PENSION, HEALTH & WELFARE FUND"
63,"Insurance Carriers","SIC","6399","INSURANCE CARRIERS, NEC"
64,"Insurance Agents, Brokers, & Service","SIC","6411","INSUR AGENTS, BROKERS, & SERVI"
65,"Real estate","SIC","6512","OPER OF NONRESIDENTIAL BLDGS"
65,"Real estate","SIC","6513","OPERATORS OF APART BUILDINGS"
65,"Real estate","SIC","6514","OPER OF DWELL OTHER THAN APART"
65,"Real estate","SIC","6515","OPER OF RES MOBILE HOME SITES"
65,"Real estate","SIC","6517","LESSORS OF RAILROAD PROPERTIES"
65,"Real estate","SIC","6519","LESSORS OF REAL PROPERTY, NEC"
65,"Real estate","SIC","6531","REAL ESTATE AGENTS & MANAGERS"
65,"Real estate","SIC","6541","TITLE ABSTRACT OFFICES"
65,"Real estate","SIC","6552","LAND SUBDIVIDERS & DEV, EX CEM"
65,"Real estate","SIC","6553","CEMETERY SUBDIVIDERS & DEVELOP"
67,"Holding & Other Investment Offices","SIC","6712","BANK HOLDING COMPANIES"
67,"Holding & Other Investment Offices","SIC","6719","HOLDING COMPANIES, NEC"
67,"Holding & Other Investment Offices","SIC","6722","MGMT INVEST. OFFICES, OPEN END"
67,"Holding & Other Investment Offices","SIC","6726","INVESTMENT OFFICES, NEC"
67,"Holding & Other Investment Offices","SIC","6732","EDUCAT.,RELIG & CHARITY TRUSTS"
67,"Holding & Other Investment Offices","SIC","6733","TRUSTS,EXC EDUCAT,RELIG & CHAR"
67,"Holding & Other Investment Offices","SIC","6792","OIL ROYALTY TRADERS"
67,"Holding & Other Investment Offices","SIC","6794","PATENT OWNERS AND LESSORS"
67,"Holding & Other Investment Offices","SIC","6798","REAL ESTATE INVESTMENT TRUSTS"
67,"Holding & Other Investment Offices","SIC","6799","INVESTORS, NEC"
70,"Hotels & Other Lodging Places","SIC","7011","HOTELS AND MOTELS"
70,"Hotels & Other Lodging Places","SIC","7021","ROOMING AND BOARDING HOUSES"
70,"Hotels & Other Lodging Places","SIC","7032","SPORTING & RECREATIONAL CAMPS"
70,"Hotels & Other Lodging Places","SIC","7033","REC VEHICLE PARKS & CAMPSITES"
70,"Hotels & Other Lodging Places","SIC","7041","ORG. HOTEL & LODG HSE, ON MEMB"
72,"Personal Services- SIC 72","SIC","7211","POWER LAUNDRIES, RES & COMMERC"
72,"Personal Services- SIC 72","SIC","7212","GARM PRESSING/LAUNDRIES/DRYCLE"
72,"Personal Services- SIC 72","SIC","7213","LINEN SUPPLY"
72,"Personal Services- SIC 72","SIC","7215","COIN-OPERATED LAUNDRIES/DRYCLE"
72,"Personal Services- SIC 72","SIC","7216","DRYCLEAN PLANTS, EXC RUG CLEAN"
72,"Personal Services- SIC 72","SIC","7217","CARPET & UPHOLSTERY CLEANING"
72,"Personal Services- SIC 72","SIC","7219","LAUNDRY & GARMENT SERVICES,NEC"
72,"Personal Services- SIC 72","SIC","7231","BEAUTY SHOPS"
72,"Personal Services- SIC 72","SIC","7241","BARBER SHOPS"
72,"Personal Services- SIC 72","SIC","7251","SHOE REP SHOPS & SHOESHINE PAR"
72,"Personal Services- SIC 72","SIC","7261","FUNERAL SERVICES & CREMATORIES"
72,"Personal Services- SIC 72","SIC","7291","TAX AND PREPARATION SERVICES"
72,"Personal Services- SIC 72","SIC","7299","MISCELLANEOUS PERSONAL SERVICE"
73,"Business services","SIC","7311","ADVERTISING AGENCIES"
73,"Business services","SIC","7312","OUTDOOR ADVERTISING AGENCIES"
73,"Business services","SIC","7313","RADIO, TV & PUBLISHERS AD REPS"
73,"Business services","SIC","7319","ADVERTISING, NEC"
73,"Business services","SIC","7322","ADJUSTMENT & COLLECT SERVICES"
73,"Business services","SIC","7323","CREDIT REPORTING SERVICES"
73,"Business services","SIC","7331","DIRECT MAIL ADVERTIS SERVICES"
73,"Business services","SIC","7334","PHOTOCOPYING/DUPLICATING SERV"
73,"Business services","SIC","7338","SECRETARIAL & COURT REPORTING"
73,"Business services","SIC","7342","DISINFECTING & EXTERMINAT SERV"
73,"Business services","SIC","7349","BUILDING MAINTNENANCE SERVICE"
73,"Business services","SIC","7352","MEDICAL EQUIPMENT RENTAL"
73,"Business services","SIC","7353","HEAVY CONSTRUCTON EQUIP RENTAL"
73,"Business services","SIC","7359","EQUIPMENT RENTAL AND LEASING,"
73,"Business services","SIC","7361","EMPLOYMENT AGENCIES"
73,"Business services","SIC","7363","HELP SUPPLY SERVICES"
73,"Business services","SIC","7371","CUSTOM COMPUTER PROG SERVICES"
73,"Business services","SIC","7372","PREPACKAGED SOFTWARE"
73,"Business services","SIC","7373","COMPUTER INTEGRATED SYS DESIGN"
73,"Business services","SIC","7374","DATA PROCESSING & PREPARATION"
73,"Business services","SIC","7375","INFORMATION RETRIEVAL SERVICES"
73,"Business services","SIC","7376","COMPUTER FACILITIES MANAGEMENT"
73,"Business services","SIC","7377","COMPUTER RENTAL AND LEASING"
73,"Business services","SIC","7378","COMPUTER MAINTENANCE & REPAIR"
73,"Business services","SIC","7379","COMPUTER RELATED SERVICES, NEC"
73,"Business services","SIC","7381","DETECTIVE & ARMORED CAR SERVIC"
73,"Business services","SIC","7382","SECURITY SYSTEMS SERVICES"
73,"Business services","SIC","7383","NEWS SYNDICATES"
73,"Business services","SIC","7389","BUSINESS SERVICES, NEC"
75,"Auto Repair, Services, & Parking","SIC","7513","TRUCK RENT & LEASE, NO DRIVERS"
75,"Auto Repair, Services, & Parking","SIC","7514","PASSENGER CAR RENTAL"
75,"Auto Repair, Services, & Parking","SIC","7515","PASSENGER CAR LEASING"
75,"Auto Repair, Services, & Parking","SIC","7519","UTILITY TRAILER & RV RENTAL"
75,"Auto Repair, Services, & Parking","SIC","7521","AUTOMOBILE PARKING"
75,"Auto Repair, Services, & Parking","SIC","7532","TOP & BODY REPAIR & PAINT SHOP"
75,"Auto Repair, Services, & Parking","SIC","7533","AUTO EXHAUST SYSTEM REP SHOPS"
75,"Auto Repair, Services, & Parking","SIC","7534","TIRE RETREADING & REPAIR SHOPS"
75,"Auto Repair, Services, & Parking","SIC","7536","AUTO GLASS REPLACEMENT SHOPS"
75,"Auto Repair, Services, & Parking","SIC","7537","AUTO TRANSMISSION REPAIR SHOPS"
75,"Auto Repair, Services, & Parking","SIC","7538","GENERAL AUTO REPAIR SHOPS"
75,"Auto Repair, Services, & Parking","SIC","7539","AUTOMOTIVE REPAIR SHOPS, NEC"
75,"Auto Repair, Services, & Parking","SIC","7542","CAR WASHES"
75,"Auto Repair, Services, & Parking","SIC","7549","AUTO SERV, EXC REP & CARWASHES"
76,"Miscellaneous repair services","SIC","7622","RADIO & TELEVISION REPAIR SHOP"
76,"Miscellaneous repair services","SIC","7623","REFRIG & AC SERV & REP SHOPS"
76,"Miscellaneous repair services","SIC","7629","ELEC & ELECTRONIC REPAIR SHOPS"
76,"Miscellaneous repair services","SIC","7631","WATCH, CLOCK & JEWELRY REPAIR"
76,"Miscellaneous repair services","SIC","7641","REUPHOLSTERY & FURNITURE REP"
76,"Miscellaneous repair services","SIC","7694","ARMATURE REWINDING SHOPS"
78,"Motion pictures","SIC","7812","MOTION PICTURE & VIDEO PROD"
78,"Motion pictures","SIC","7819","SERV. ALLIED TO MOTION PICTURE"
78,"Motion pictures","SIC","7822","MOTION PICTURE & TAPE DISTRIB"
78,"Motion pictures","SIC","7829","SERV ALLIED TO MOTION PIC DIST"
78,"Motion pictures","SIC","7832","MOTION PIC THEA., EX DRIVE-IN"
78,"Motion pictures","SIC","7833","DRIVE-IN MOTION PIC THEATRES"
78,"Motion pictures","SIC","7841","VIDEO TAPE RENTAL"
79,"Amusement & Recreation Services","SIC","7911","DANCE STUDIOS, SCHOOLS & HALLS"
79,"Amusement & Recreation Services","SIC","7922","THEA. PROD (EXC MOTION PICTURE"
79,"Amusement & Recreation Services","SIC","7929","BANDS, ORCH, ACTORS & ENTERTAI"
79,"Amusement & Recreation Services","SIC","7933","BOWLING CENTERS"
79,"Amusement & Recreation Services","SIC","7941","PROF SPORTS CLUBS & PROMOTERS"
79,"Amusement & Recreation Services","SIC","7948","RACING, INCLUDING TRACK OPERA"
79,"Amusement & Recreation Services","SIC","7991","PHYSICAL FITNESS FACILITIES"
79,"Amusement & Recreation Services","SIC","7992","PUBLIC GOLF COURSES"
79,"Amusement & Recreation Services","SIC","7993","COIN OPERATED AMUSEMENT DEVI"
79,"Amusement & Recreation Services","SIC","7996","AMUSEMENT PARKS"
79,"Amusement & Recreation Services","SIC","7997","MEMBERSHIP SPORTS & REC CLUBS"
79,"Amusement & Recreation Services","SIC","7999","AMUSEMENT AND RECREATION, NEC"
81,"Legal services","SIC","8111","LEGAL SERVICES"
82,"Educational Services","SIC","8211","ELEMENTARY & SECONDARY SCHOOLS"
82,"Educational Services","SIC","8221","COLLEGES, UNIV & PROF SCHOOLS"
82,"Educational Services","SIC","8222","JUNIOR COLLEGES & TECH INSTITU"
82,"Educational Services","SIC","8231","LIBRARIES"
82,"Educational Services","SIC","8243","DATA PROCESSING SCHOOLS"
82,"Educational Services","SIC","8244","BUSINESS & SECRETARIAL SCHOOLS"
82,"Educational Services","SIC","8249","VOCATIONAL SCHOOLS, NEC"
82,"Educational Services","SIC","8299","SCHOOLS & EDUCATIONAL SERVICES"
83,"Social Services","SIC","8322","INDIVIDUAL AND FAMILY SERVICES"
83,"Social Services","SIC","8331","JOB TRAINING & VOC REHAB SERVI"
83,"Social Services","SIC","8351","CHILD DAY CARE SERVICES"
83,"Social Services","SIC","8361","RESIDENTIAL CARE"
83,"Social Services","SIC","8399","SOCIAL SERVICES, NEC"
84,"Museums, botanical, zoological gardens","SIC","8412","MUSEUMS AND ART GALLERIES"
84,"Museums, botanical, zoological gardens","SIC","8422","BOTANICAL & ZOOLOGICAL GARDENS"
86,"Membership Organizations","SIC","8611","BUSINESS ASSOCIATIONS"
86,"Membership Organizations","SIC","8621","PROFESSIONAL MEMBERSHIP ORGAN"
86,"Membership Organizations","SIC","8631","LABOR UNIONS & LABOR ORGANIZA"
86,"Membership Organizations","SIC","8641","CIVIC, SOCIAL & FRATERNAL ASS."
86,"Membership Organizations","SIC","8651","POLITICAL ORGANIZATIONS"
86,"Membership Organizations","SIC","8661","RELIGIOUS ORGANIZATIONS"
86,"Membership Organizations","SIC","8699","MEMBERSHIP ORGANIZATIONS, NEC"
87,"Engineering & Management Services","SIC","8711","ENGINEERING SERVICES"
87,"Engineering & Management Services","SIC","8712","ARCHITECTURAL SERVICES"
87,"Engineering & Management Services","SIC","8713","SURVEYING SERVICES"
87,"Engineering & Management Services","SIC","8721","ACC., AUDITING & BOOKKEEPING"
87,"Engineering & Management Services","SIC","8732","COMMERCIAL NONPHYSICAL RESEAR"
87,"Engineering & Management Services","SIC","8733","NONCOMMERCIAL RESEARCH ORGANI"
87,"Engineering & Management Services","SIC","8741","MANAGEMENT SERVICES"
87,"Engineering & Management Services","SIC","8742","MANAGEMENT CONSULTING SERVICE"
87,"Engineering & Management Services","SIC","8743","PUBLIC RELATIONS SERVICES"
87,"Engineering & Management Services","SIC","8744","FACILITIES SUPPORT SERVICES"
87,"Engineering & Management Services","SIC","8748","BUSINESS CONSULTING, NEC"
88,"Private households","SIC","8811","PRIVATE HOUSEHOLDS"
89,"Services, not elsewhere classified","SIC","8999","SERVICES, NEC"
91,"Executive, Legislative, & General","SIC","9111","EXECUTIVE OFFICES"
91,"Executive, Legislative, & General","SIC","9121","LEGISLATIVE BODIES"
91,"Executive, Legislative, & General","SIC","9131","EXEC & LEGIS OFFICES COMBINED"
91,"Executive, Legislative, & General","SIC","9199","GENERAL GOVERNMENT, NEC"
92,"Justice, Public Order, & Safety","SIC","9211","COURTS"
92,"Justice, Public Order, & Safety","SIC","9221","POLICE PROTECTION"
92,"Justice, Public Order, & Safety","SIC","9222","LEGAL COUNSEL & PROSECUTION"
92,"Justice, Public Order, & Safety","SIC","9223","CORRECTIONAL INSTITUTIONS"
92,"Justice, Public Order, & Safety","SIC","9224","FIRE PROTECTION"
92,"Justice, Public Order, & Safety","SIC","9229","PUBLIC ORDER AND SAFETY, NEC"
93,"Finance, Taxation, & Monetary Policy","SIC","9311","PUBLIC FINANCE"
94,"Administration of Human Resources","SIC","9411","ADMINISTRATION OF EDUCAT PROG"
94,"Administration of Human Resources","SIC","9431","ADMIN OF PUB HEALTH PROGRAMS"
94,"Administration of Human Resources","SIC","9441","ADM OF SOCIAL/HUMAN RESOURCE"
94,"Administration of Human Resources","SIC","9451","ADM OF VET AFFAIRS, EX HEA/INS"
95,"Environmental Quality & Housing","SIC","9511","AIR & WATER RES & SOL WSTE MGT"
95,"Environmental Quality & Housing","SIC","9512","LAND, MIN, WILDLIFE/FOREST CON"
95,"Environmental Quality & Housing","SIC","9531","ADMIN OF HOUSING PROGRAMS"
95,"Environmental Quality & Housing","SIC","9532","ADM OF URB PLAN/COMM/RURL DEV"
96,"Administration of Economic Programs","SIC","9611","ADMIN OF GENERAL ECONOMIC PRO"
96,"Administration of Economic Programs","SIC","9621","REG & ADMIN OF TRANS PROGRAMS"
96,"Administration of Economic Programs","SIC","9631","REG & ADM OF COMMS, ELEC, GAS"
96,"Administration of Economic Programs","SIC","9641","REG OF AGRI MARKETING & COMMOD"
96,"Administration of Economic Programs","SIC","9651","REG, LIC & INSP OF COMM SECTOR"
96,"Administration of Economic Programs","SIC","9661","SPACE RESEARCH AND TECHNOLOGY"
97,"National security and international affairs","SIC","9711","NATIONAL SECURITY"
50,"Wholesale trade - durable goods","SIC","5072","HARDWARE"
50,"Wholesale trade - durable goods","SIC","5074","PLUMB & HEAT EQUIP & SUPPLIES"
50,"Wholesale trade - durable goods","SIC","5075","AIR HEAT & AIR-COND. EQUIP/SUP"
50,"Wholesale trade - durable goods","SIC","5078","REFRIGERATION EQUIP & SUPPLIES"
50,"Wholesale trade - durable goods","SIC","5082","CONST & MINING MACHINE & EQUIP"
50,"Wholesale trade - durable goods","SIC","5083","FARM & GARDEN MACHINE & EQUIP"
50,"Wholesale trade - durable goods","SIC","5084","INDUSTRIAL MACHINERY AND EQUIP"
50,"Wholesale trade - durable goods","SIC","5085","INDUSTRIAL SUPPLIES"
50,"Wholesale trade - durable goods","SIC","5087","SERVICE ESTABLISH EQUIP & SUPP"
50,"Wholesale trade - durable goods","SIC","5088","TRANS EQUIP & SUPP, EXC MOTOR"
50,"Wholesale trade - durable goods","SIC","5091","SPORTING & RECREATIONAL GOODS"
50,"Wholesale trade - durable goods","SIC","5092","TOYS & HOBBY GOODS & SUPPLIES"
50,"Wholesale trade - durable goods","SIC","5093","SCRAP & WASTE MATERIALS"
50,"Wholesale trade - durable goods","SIC","5094","JEWELRY, WATCHES, PRECIOUS STO"
50,"Wholesale trade - durable goods","SIC","5099","DURABLE GOODS, NEC"
51,"Wholesale trade - nondurable goods","SIC","5111","PRINTING AND WRITING PAPER"
51,"Wholesale trade - nondurable goods","SIC","5112","STATIONERY AND OFFICE SUPPLIES"
51,"Wholesale trade - nondurable goods","SIC","5113","INDUST & PERSONAL PAPER SERVIC"
51,"Wholesale trade - nondurable goods","SIC","5122","DRUGS, DRUG PRPPRIE & SUNDRIES"
51,"Wholesale trade - nondurable goods","SIC","5131","PIECE GOODS AND NOTIONS"
51,"Wholesale trade - nondurable goods","SIC","5136","MALE'S CLOTHING & FURNISHINGS"
51,"Wholesale trade - nondurable goods","SIC","5137","WOMEN'S, CHILD & INF CLOTHING"
51,"Wholesale trade - nondurable goods","SIC","5139","FOOTWEAR"
51,"Wholesale trade - nondurable goods","SIC","5141","GROCERIES, GENERAL LINE"
51,"Wholesale trade - nondurable goods","SIC","5142","PACKAGED FROZEN FOODS"
51,"Wholesale trade - nondurable goods","SIC","5143","DAIRY PROD, EXC DRIED & CANNED"
51,"Wholesale trade - nondurable goods","SIC","5145","CONFECTIONERY"
51,"Wholesale trade - nondurable goods","SIC","5146","FISH AND SEAFOODS"
51,"Wholesale trade - nondurable goods","SIC","5147","MEATS AND MEAT PRODUCTS"
51,"Wholesale trade - nondurable goods","SIC","5148","FRESH FRUITS AND VEGETABLES"
51,"Wholesale trade - nondurable goods","SIC","5149","GROCERIES & RELATED PRODUCTS"
51,"Wholesale trade - nondurable goods","SIC","5153","GRAIN AND FIELD BEANS"
51,"Wholesale trade - nondurable goods","SIC","5154","LIVESTOCK"
51,"Wholesale trade - nondurable goods","SIC","5162","PLASTIC MATER & BASIC SHAPES"
51,"Wholesale trade - nondurable goods","SIC","5172","PETROL & PET PROD WHOLESALERS"
51,"Wholesale trade - nondurable goods","SIC","5181","BEER AND ALE"
51,"Wholesale trade - nondurable goods","SIC","5191","FARM SUPPLIES"
51,"Wholesale trade - nondurable goods","SIC","5192","BOOKS, PERIODICALS & NEWSPAPER"
51,"Wholesale trade - nondurable goods","SIC","5193","FLOWERS AND FLORISTS' SUPPLIES"
51,"Wholesale trade - nondurable goods","SIC","5194","TOBACCO AND TOBACCO PRODUCTS"
51,"Wholesale trade - nondurable goods","SIC","5198","PAINTS, VARNISHES AND SUPPLIES"
51,"Wholesale trade - nondurable goods","SIC","5199","NONDURABLE GOODS, NEC"
52,"Building Materials & Gardening Supplies","SIC","5211","LUMBER & BUILD MATERIAL DEALER"
52,"Building Materials & Gardening Supplies","SIC","5231","PAINT, GLASS & WALLPAPER STORE"
52,"Building Materials & Gardening Supplies","SIC","5251","HARDWARE STORES"
52,"Building Materials & Gardening Supplies","SIC","5261","RET NURSERIES,LAWN/GARDN STORE"
52,"Building Materials & Gardening Supplies","SIC","5271","MOBILE HOME DEALERS"
53,"General merchandise stores","SIC","5311","DEPARTMENT STORES"
53,"General merchandise stores","SIC","5331","VARIETY STORES"
53,"General merchandise stores","SIC","5399","MISCELLANEOUS GENERAL STORES"
54,"Food stores","SIC","5411","GROCERY STORES"
54,"Food stores","SIC","5421","MEAT AND FISH MARKETS"
54,"Food stores","SIC","5431","FRUIT AND VEGETABLE MARKETS"
54,"Food stores","SIC","5441","CANDY, NUT & CONFECTION STORES"
54,"Food stores","SIC","5451","DAIRY PRODUCTS STORES"
54,"Food stores","SIC","5461","RETAIL BAKERIES"
54,"Food stores","SIC","5499","MISCELLANEOUS FOOD STORES"
55,"Automative Dealers & Service Stations","SIC","5511","MOTOR VEH. DEALERS (NEW/USED)"
55,"Automative Dealers & Service Stations","SIC","5521","MOTOR VEH. DEALERS (USED ONLY)"
55,"Automative Dealers & Service Stations","SIC","5531","AUTO AND HOME SUPPLY STORES"
55,"Automative Dealers & Service Stations","SIC","5541","GASOLINE SERVICE STATIONS"
55,"Automative Dealers & Service Stations","SIC","5551","BOAT DEALERS"
55,"Automative Dealers & Service Stations","SIC","5561","RECREATIONAL VEHICLE DEALERS"
55,"Automative Dealers & Service Stations","SIC","5571","MOTORCYCLE DEALERS"
55,"Automative Dealers & Service Stations","SIC","5599","AUTOMOTIVE DEALERS, NEC"
56,"Apparel & Accessory Stores","SIC","5611","MALE'S CLOTHING & ACCESS STORE"
56,"Apparel & Accessory Stores","SIC","5621","WOMEN'S CLOTHING STORES"
56,"Apparel & Accessory Stores","SIC","5632","WOMEN'S ACCESS & SPEC STORES"
56,"Apparel & Accessory Stores","SIC","5641","CHILDREN'S & INF WEAR STORES"
56,"Apparel & Accessory Stores","SIC","5651","FAMILY CLOTHING STORES"
56,"Apparel & Accessory Stores","SIC","5661","SHOE STORES"
56,"Apparel & Accessory Stores","SIC","5699","MISC APPAREL & ACCESS STORES"
57,"Furniture & Homefurnishings Stores","SIC","5712","FURNITURE STORES"
57,"Furniture & Homefurnishings Stores","SIC","5713","FLOOR COVERING STORES"
57,"Furniture & Homefurnishings Stores","SIC","5714","DRAPE, CURTAIN & UPHOL STORES"
57,"Furniture & Homefurnishings Stores","SIC","5719","MISC HOMEFURNISHINGS STORES"
57,"Furniture & Homefurnishings Stores","SIC","5722","HOUSEHOLD APPLIANCE STORES"
57,"Furniture & Homefurnishings Stores","SIC","5731","RADIO, TV & ELECTRONICS STORES"
57,"Furniture & Homefurnishings Stores","SIC","5734","COMPUTER AND SOFTWARE STORES"
57,"Furniture & Homefurnishings Stores","SIC","5735","RECORD & PRERECORDED TAPE STOR"
57,"Furniture & Homefurnishings Stores","SIC","5736","MUSICAL INSTRUMENT STORES"
58,"Eating and drinking places","SIC","5813","DRINKING PLACES (ALCOHOLIC BEV"
59,"Miscellaneous retail","SIC","5912","DRUG STORES & PROPRIETARY STOR"
59,"Miscellaneous retail","SIC","5921","LIQUOR STORES"
59,"Miscellaneous retail","SIC","5932","USED MERCHANDISE STORES"
59,"Miscellaneous retail","SIC","5941","SPORTING GOODS/BICYCLE STORES"
59,"Miscellaneous retail","SIC","5942","BOOK STORES"
59,"Miscellaneous retail","SIC","5943","STATIONERY STORES"
59,"Miscellaneous retail","SIC","5944","JEWELERY STORES"
59,"Miscellaneous retail","SIC","5945","HOBBY, TOY AND GAME SHOPS"
59,"Miscellaneous retail","SIC","5946","CAMERA & PHOTO SUPPLY STORES"
59,"Miscellaneous retail","SIC","5947","GIFT, NOVELTY & SOUVENIR SHOPS"
59,"Miscellaneous retail","SIC","5948","LUGGAGE & LEATHER GOODS STORES"
59,"Miscellaneous retail","SIC","5949","SEW/NEEDLEWK/PIECE GOODS STORE"
59,"Miscellaneous retail","SIC","5961","CATALOG AND MAIL-ORDER HOUSES"
59,"Miscellaneous retail","SIC","5962","AUTO MERCHANDIS MACHINE OPERAT"
59,"Miscellaneous retail","SIC","5963","DIRECT SELLING ESTABLISHMENTS"
59,"Miscellaneous retail","SIC","5983","FUEL OIL DEALERS"
59,"Miscellaneous retail","SIC","5984","LIQ PETROL GAS (BOT GAS) DEALR"
59,"Miscellaneous retail","SIC","5989","FUEL DEALERS, NEC"
460,"Hospital","PSC","8043","OFFICES & CLINICS OF PODIATRIS"
460,"Hospital","PSC","8049","OFFICES OF HEALTH PRACTITIONER"
460,"Hospital","PSC","8051","SKILLED NURSING CARE FACILITIE"
460,"Hospital","PSC","8052","INTERMEDIATE CARE FACILITIES"
460,"Hospital","PSC","8059","NURSING AND PERSONAL CARE, NEC"
460,"Hospital","PSC","8062","GEN. MEDICAL/SURGICAL HOSPITAL"
460,"Hospital","PSC","8063","PSYCHIATRIC HOSPITALS"
460,"Hospital","PSC","8069","SPECIALTY HOSPITALS"
460,"Hospital","PSC","8071","MEDICAL LABORATORIES"
460,"Hospital","PSC","8072","DENTAL LABORATORIES"
460,"Hospital","PSC","8082","HOME HEALTH CARE SERVICES"
460,"Hospital","PSC","8092","KIDNEY DIALYSIS CENTERS"
460,"Hospital","PSC","8093","SPECIALITY OUTPATIENT CLINICS"
460,"Hospital","PSC","8099","HEALTH & ALLIED SERVICES, NEC"
461,"Battery manufacturing","PSC","3691","STORAGE BATTERIES"
461,"Battery manufacturing","PSC","3692","PRIMARY BATTERIES, DRY & WET"
463,"Plastics molding and forming","PSC","3081","UNSUPPORTED PLSTICS FILM/SHEET"
463,"Plastics molding and forming","PSC","3082","UNSUPPORTED PLASTICS PROF SHAP"
463,"Plastics molding and forming","PSC","3083","LAMINATED PLASTICS PLATE/SHEET"
463,"Plastics molding and forming","PSC","3084","PLASTIC PIPE"
463,"Plastics molding and forming","PSC","3085","PLASTIC BOTTLES"
463,"Plastics molding and forming","PSC","3086","PLASTICS FOAM PRODUCTS"
463,"Plastics molding and forming","PSC","3087","CUSTOM COMPOUNDED PURCH. RESIN"
463,"Plastics molding and forming","PSC","3088","PLASTICS PLUMBING FIXTURES"
463,"Plastics molding and forming","PSC","3089","PLASTICS PRODUCTS, NEC"
464,"Metal molding and casting (foundries)","PSC","3321","GRAY IRON FOUNDRIES"
464,"Metal molding and casting (foundries)","PSC","3322","MALLEABLE IRON FOUNDRIES"
464,"Metal molding and casting (foundries)","PSC","3324","STEEL INVESTMENT FOUNDRIES"
464,"Metal molding and casting (foundries)","PSC","3325","STEEL FOUNDRIES, NEC"
464,"Metal molding and casting (foundries)","PSC","3364","NONFERROUS DIE CAST, EXC. ALUM"
464,"Metal molding and casting (foundries)","PSC","3365","ALUMINUM FOUNDRIES"
464,"Metal molding and casting (foundries)","PSC","3366","COPPER FOUNDRIES"
464,"Metal molding and casting (foundries)","PSC","3369","NONFERROUS FOUNDRIES, EXC ALUM"
465,"Coil coating","PSC","3341CC","2NDARY SMELT/NONFERROUS METALS (COIL COATING)"
465,"Coil coating","PSC","3411","METAL CANS"
465,"Coil coating","PSC","3471CC","PLATING AND POLISHING (COIL COATING)"
466,"Porcelain enameling","PSC","3431PE","METAL SANITARY WARE (PORCELAIN ENAMELING)"
466,"Porcelain enameling","PSC","3469PE","METAL STAMPINGS, NEC (PORCELAIN ENAMELING)"
466,"Porcelain enameling","PSC","3631","HOUSEHOLD COOKING EQUIPMENT"
466,"Porcelain enameling","PSC","3633PE","HOUSEHOLD LAUNDRY EQUIPMENT (PORCELAIN ENAMELING)"
466,"Porcelain enameling","PSC","3639PE","HOUSEHOLD APPLIANCES, NEC (PORCELAIN ENAMELING)"
467,"Aluminum forming","PSC","3353","ALUMINUM SHEET, PLATE AND FOIL"
467,"Aluminum forming","PSC","3354","ALUMINUM EXTRUDED PRODUCTS"
467,"Aluminum forming","PSC","3355","ALUMINUM ROLLING & DRAWING NEC"
467,"Aluminum forming","PSC","3357","DRAW/INSULAT OF NONFERROUS WIR"
467,"Aluminum forming","PSC","3363","ALUMINUM DIE CASTING"
467,"Aluminum forming","PSC","3463","NONFERROUS FORGINGS"
468,"Copper forming","PSC","3351","ROLL/DRAW/EXTRUDING OF COPPER"
468,"Copper forming","PSC","3357","DRAW/INSULAT OF NONFERROUS WIR"
468,"Copper forming","PSC","3463","NONFERROUS FORGINGS"
469,"Electrical and electronic components","PSC","3671","ELECTRON TUBES"
469,"Electrical and electronic components","PSC","3674","SEMICONDUCTORS & RELATED DEVIC"
471,"Nonferrous metals forming and metal powders","PSC","3356","ROLL, DRAW & EXTRUD NONFERROUS"
471,"Nonferrous metals forming and metal powders","PSC","3357","DRAW/INSULAT OF NONFERROUS WIR"
471,"Nonferrous metals forming and metal powders","PSC","3363","ALUMINUM DIE CASTING"
471,"Nonferrous metals forming and metal powders","PSC","3399","PRIMARY METAL PRODUCTS, NEC"
471,"Nonferrous metals forming and metal powders","PSC","3463","NONFERROUS FORGINGS"
471,"Nonferrous metals forming and metal powders","PSC","3482","SMALL ARMS AMMUNITION"
471,"Nonferrous metals forming and metal powders","PSC","3483","AMMUNIT., EXC. FOR SMALL ARMS"
501,"Drinking water treatment","PNC","4941","WATER SUPPLY"
502,"Tobacco products","PNC","2111","CIGARETTES"
502,"Tobacco products","PNC","2121","CIGARS"
502,"Tobacco products","PNC","2131","TOBACCO (CHEW & SMOK) & SNUFF"
502,"Tobacco products","PNC","2141","TOBACCO STEMMING AND REDRYING"
503,"Miscellaneous foods and beverages","PNC","2032","CANNED SPECIALTIES"
503,"Miscellaneous foods and beverages","PNC","2034","DEHYDRATED FRUITS, VEG, SOUPS"
503,"Miscellaneous foods and beverages","PNC","2038","FROZEN SPECIALTIES, NEC"
503,"Miscellaneous foods and beverages","PNC","2051","BREAD & OTHER BAKERY PRODUCTS"
503,"Miscellaneous foods and beverages","PNC","2052","COOKIES AND CRACKERS"
503,"Miscellaneous foods and beverages","PNC","2053","FROZEN BAKERY PRODUCTS"
503,"Miscellaneous foods and beverages","PNC","2064","CANDY & OTHER CONFECTION PROD"
503,"Miscellaneous foods and beverages","PNC","2066","CHOCOLATE AND COCOA PRODUCTS"
503,"Miscellaneous foods and beverages","PNC","2067","CHEWING GUM"
503,"Miscellaneous foods and beverages","PNC","2068","SALTED & ROASTED NUTS & SEEDS"
503,"Miscellaneous foods and beverages","PNC","2074","COTTONSEED OIL MILLS"
503,"Miscellaneous foods and beverages","PNC","2075","SOYBEAN OIL MILLS"
503,"Miscellaneous foods and beverages","PNC","2076","VEG. OIL MILLS, EXCEPT CORN"
503,"Miscellaneous foods and beverages","PNC","2079","SHORT, TABLE OILS, MARGERINE"
503,"Miscellaneous foods and beverages","PNC","2082","MALT BEVERAGES"
503,"Miscellaneous foods and beverages","PNC","2083","MALT"
503,"Miscellaneous foods and beverages","PNC","2084","WINES, BRANDY & BRANDY SPIRIT"
503,"Miscellaneous foods and beverages","PNC","2085","DIST, RECTIFIED & BLENDED LIQ"
503,"Miscellaneous foods and beverages","PNC","2086","BOT & CAN SOFT DRNK & CARB WA"
503,"Miscellaneous foods and beverages","PNC","2087","FLAV EXTR & FLAV SYRUPS, NEC"
503,"Miscellaneous foods and beverages","PNC","2095","ROASTED COFFEE"
503,"Miscellaneous foods and beverages","PNC","2097","MANUFACTURED ICE"
503,"Miscellaneous foods and beverages","PNC","2098","MACARONI, SPAGH, VERMI, NOODL"
503,"Miscellaneous foods and beverages","PNC","2099","FOOD PREPARATIONS, NEC"
503,"Miscellaneous foods and beverages","PNC","5144","POULTRY AND POULTRY PRODUCTS"
503,"Miscellaneous foods and beverages","PNC","5182","WINE & DIST ALCOHOLIC BEVERAGE"
505,"Food service establishments","PNC","5812","EATING PLACES"
506,"Industrial launderies","PNC","7218","INDUSTRIAL LAUNDERERS"
507,"Independent and stand alone labs","PNC","8731","COMMERCIAL PHYSICAL RESEARCH"
507,"Independent and stand alone labs","PNC","8734","COMMERCIAL TESTING LABORATORY"
508,"Printing and publishing","PNC","2711","NEWSPAPERS: PUBLISHING & PRINT"
508,"Printing and publishing","PNC","2721","PERIODICALS: PUBLISHING & PRIN"
508,"Printing and publishing","PNC","2731","BOOKS: PUBLISHING & PRINTING"
508,"Printing and publishing","PNC","2732","BOOK PRINTING"
508,"Printing and publishing","PNC","2741","MISCELLANEOUS PUBLISHING"
508,"Printing and publishing","PNC","2752","COMMERCIAL PRINT, LITHOGRAPHIC"
508,"Printing and publishing","PNC","2754","COMMERCIAL PRINTING, GRAVURE"
508,"Printing and publishing","PNC","2759","COMMERCIAL PRINTING, NEC"
508,"Printing and publishing","PNC","2761","MANIFOLD BUSINESS FORMS"
508,"Printing and publishing","PNC","2771","GREETING CARD PUBLISHING"
508,"Printing and publishing","PNC","2782","BLANKBOOKS,LOOSELEAF BINDERS"
508,"Printing and publishing","PNC","2789","BOOKBINDING & RELATED WORK"
508,"Printing and publishing","PNC","2791","TYPESETTING"
509,"Photo processing","PNC","7221","PHOTOGRAPHIC STUDIOS, POTRAIT"
509,"Photo processing","PNC","7335","COMMERCIAL PHOTOGRAPHY"
509,"Photo processing","PNC","7336","COMM ART & GRAPHIC DESIGN"
509,"Photo processing","PNC","7384","PHOTOFINISHING LABORATORIES"
999,"Superfund sites","","SUPER","SUPERFUND SITE"
4952,"Sewerage systems","SIC","4952","SEWERAGE SYSTEMS"
4959,"Sanitary services","SIC","4959","SANITARY SERVICES, NEC"
97,"National security and international affairs","SIC","9721","INTERNATIONAL SECURITY"
99,"Non-classifiable establishments","SIC","9999","NONCLASSIFIABLE ESTABLISHMENTS"
405,"Dairy products processing","PSC","2021","CREAMERY BUTTER"
405,"Dairy products processing","PSC","2022","CHEESE, NATURAL AND PROCESSED"
405,"Dairy products processing","PSC","2023","CONDENSED AND EVAPORATED MILK"
405,"Dairy products processing","PSC","2024","ICE CREAM AND FROZEN DESSERTS"
405,"Dairy products processing","PSC","2026","FLUID MILK"
406,"Grain mills","PSC","2041","FLOUR & OTHER GRAIN MILL PROD"
406,"Grain mills","PSC","2043","CEREAL BREAKFAST FOODS"
406,"Grain mills","PSC","2044","RICE MILLING"
406,"Grain mills","PSC","2045","BLENDED AND PREPARED FLOUR"
406,"Grain mills","PSC","2046","WET CORN MILLING"
406,"Grain mills","PSC","2047","DOG AND CAT FOOD"
406,"Grain mills","PSC","2048GRAIN","PREP FEEDS & INGRED FOR ANIMA (GRAIN MILLS)"
406,"Grain mills","PSC","5159","FARM-PRODUCT RAW MATERIALS"
407,"Canned and preserved fruits and vegetables processing","PSC","2033","CANNED FRUITS, VEG, PRES, JAM"
407,"Canned and preserved fruits and vegetables processing","PSC","2035","PICKLED FRTS & VEG. SAUCES"
407,"Canned and preserved fruits and vegetables processing","PSC","2037","FROZEN FRTS, FRT JUICES & VEG"
407,"Canned and preserved fruits and vegetables processing","PSC","2096","POTATO CHIPS & SIMILAR SNACKS"
408,"Canned and preserved seafood processing","PSC","2091","CANNED & CURED FISH & SEAFOOD"
408,"Canned and preserved seafood processing","PSC","2092","FRE OR FROZ PCK FISH, SEAFOOD"
409,"Sugar processing","PSC","2061","CANE SUGAR, EXCEPT REFINE ONLY"
409,"Sugar processing","PSC","2062","CANE SUGAR REFINING"
409,"Sugar processing","PSC","2063","BEET SUGAR"
410,"Textile mills","PSC","2211","BROAD WOVEN FABRIC MILLS, COTT"
410,"Textile mills","PSC","2221","BROAD WOVEN FABRIC MILLS, SYNT"
410,"Textile mills","PSC","2231","BROAD WOVEN FABRIC MILLS, WOOL"
410,"Textile mills","PSC","2241","NARROW FAB & OTHER SMALLWARES"
410,"Textile mills","PSC","2251","WOMEN'S FULL/KNEE LENGTH HOSRY"
410,"Textile mills","PSC","2252","HOSIERY, NEC"
410,"Textile mills","PSC","2253","KNIT OUTERWEAR MILLS"
410,"Textile mills","PSC","2254","KNIT UNDERWEAR MILLS"
410,"Textile mills","PSC","2257","CIRCULAR KNIT FABRIC MILLS"
410,"Textile mills","PSC","2258","WARP KNIT FABRIC MILLS"
410,"Textile mills","PSC","2259","KNITTING MILLS, NEC"
410,"Textile mills","PSC","2261","FINISH OF BRD WOV FAB OF COTTN"
410,"Textile mills","PSC","2262","FINISH OF BRD WOV FAB/MAN-MADE"
410,"Textile mills","PSC","2269","FINISHERS OF TEXTILES, NEC"
410,"Textile mills","PSC","2273","CARPETS AND RUGS, NEC"
410,"Textile mills","PSC","2281","YARN SPIN MILLS:COTTON, MM FIB"
410,"Textile mills","PSC","2282","YARN TEXT, THROW, TWIST & WIND"
410,"Textile mills","PSC","2284","THREAD MILLS"
410,"Textile mills","PSC","2295","COATED FABRICS, NOT RUBBERIZED"
410,"Textile mills","PSC","2296","TIRE CORD AND FABRIC"
410,"Textile mills","PSC","2297","NONWOVEN FABRICS"
410,"Textile mills","PSC","2298","CORDAGE AND TWINE"
410,"Textile mills","PSC","2299","TEXTILE GOODS, NEC"
410,"Textile mills","PSC","2322","MEN'S & BOYS UNDERWEAR & NIGHT"
410,"Textile mills","PSC","2396","AUTOMOTIVE TRIMMINGS, APPAREL"
410,"Textile mills","PSC","2399","FABRCATED TEXTILE PRODUCTS NEC"
411,"Cement manufacturing","PSC","3241","CEMENT, HYDRAULIC"
411,"Cement manufacturing","PSC","3272","CONCRETE PROD EXC BLCK & BRICK"
411,"Cement manufacturing","PSC","3273","READY-MIXED CONCRETE"
412,"CAFO","PSC","0211","BEEF CATTLE FEEDLOTS"
412,"CAFO","PSC","0212","BEEF CATTLE, EXCEPT FEEDLOTS"
412,"CAFO","PSC","0213","HOGS"
412,"CAFO","PSC","0214","SHEEP AND GOATS"
412,"CAFO","PSC","0219","GENERAL LIVESTOCK, NEC"
412,"CAFO","PSC","0241","DAIRY FARMS"
412,"CAFO","PSC","0251","BROIL, FRY AND ROAST CHICKENS"
412,"CAFO","PSC","0252","CHICKEN EGGS"
412,"CAFO","PSC","0253","TURKEY AND TURKEY EGGS"
412,"CAFO","PSC","0254","POULTRY HATCHERIES"
412,"CAFO","PSC","0259","POULTRY AND EGGS, NEC"
412,"CAFO","PSC","0272","HORSES AND OTHER EQUINES"
414,"Organic chemicals, plastics and synthetic fibers","PSC","2821","PLSTC MAT./SYN RESINS/NV ELAST"
414,"Organic chemicals, plastics and synthetic fibers","PSC","2823","CELLULOSIC MAN-MADE FIBERS"
414,"Organic chemicals, plastics and synthetic fibers","PSC","2824","SYN ORG FIBERS,EXCEPT CELLULOS"
414,"Organic chemicals, plastics and synthetic fibers","PSC","2842","SPECIALTY CLEANING, POLISHING"
414,"Organic chemicals, plastics and synthetic fibers","PSC","2844","PERFUMES,COSMETICS,TOILET PREP"
414,"Organic chemicals, plastics and synthetic fibers","PSC","2865","CYCLIC CRUDES INTERM., DYES"
414,"Organic chemicals, plastics and synthetic fibers","PSC","2869","INDUST. ORGANIC CHEMICALS NEC"
414,"Organic chemicals, plastics and synthetic fibers","PSC","2891","ADHESIVES AND SEALANTS"
414,"Organic chemicals, plastics and synthetic fibers","PSC","2892OCPSF","EXPLOSIVES (OCPSF)"
414,"Organic chemicals, plastics and synthetic fibers","PSC","2899","CHEMICALS & CHEM PREP, NEC"
414,"Organic chemicals, plastics and synthetic fibers","PSC","5169","CHEMICALS AND ALLIED PRODUCTS"
414.1,"Chlorine and chlorinated hydrocarbons","REV","VCCA","CHLORINE AND CHLORINATED HYDROCARBONS"
415,"Inorganic chemicals manufacturing","PSC","2812","ALKALIES AND CHLORINE"
415,"Inorganic chemicals manufacturing","PSC","2813","INDUSTRIAL GASES"
415,"Inorganic chemicals manufacturing","PSC","2816","INORGANIC PIGMENTS"
415,"Inorganic chemicals manufacturing","PSC","2819","INDUSTRIAL INORGANIC CHEMICALS"
417,"Soap and detergent manufacturing","PSC","2841","SOAP/DETERG EXC SPECIAL CLEANR"
417,"Soap and detergent manufacturing","PSC","2843","SURF ACTIVE AGENT, FIN AGENTS"
418,"Fertilizer manufacturing","PSC","2873","NITROGEN FERTILIZERS"
418,"Fertilizer manufacturing","PSC","2874FER","PHOSPHATIC FERTILIZERS (FERTILIZER MANUFACTURING)"
418,"Fertilizer manufacturing","PSC","2875","FERTILIZERS, MIXING ONLY"
419,"Petroleum refining","PSC","2911","PETROLEUM REFINING"
419,"Petroleum refining","PSC","2992","LUBRICATING OILS AND GREASES"
419,"Petroleum refining","PSC","2999","PROD OF PETROLEUM & COAL, NEC"
419,"Petroleum refining","PSC","4612","CRUDE PETROLEUM PIPELINES"
419,"Petroleum refining","PSC","5171","PETROLEUM BULK STATIONS & TERM"
420,"Iron and steel manufacturing","PSC","3312","BLAST FURN/STEEL WORKS/ROLLING"
420,"Iron and steel manufacturing","PSC","3315","STEEL WIRE DRAW & STEEL NAILS"
420,"Iron and steel manufacturing","PSC","3316","COLD ROLLED STEEL SHEET/STRIP"
420,"Iron and steel manufacturing","PSC","3317","STEEL PIPE AND TUBES"
421,"Nonferrous metals manufacturing","PSC","2819NMM","INDUSTRIAL INORGANIC CHEMICALS (NONFERROUS METALS MANUFACTURING)"
421,"Nonferrous metals manufacturing","PSC","3331","PRIMRY SMELTING & COPPER REFIN"
421,"Nonferrous metals manufacturing","PSC","3334","PRIMARY PRODUCTION OF ALUMINUM"
421,"Nonferrous metals manufacturing","PSC","3339","PRMRY SMELT/NONFERROUS METALS"
421,"Nonferrous metals manufacturing","PSC","3341","2NDARY SMELT/NONFERROUS METALS"
422,"Phosphate manufacturing","PSC","2819PHOS","INDUSTRIAL INORGANIC CHEMICALS (PHOSPHATE MANUFACTURING)"
422,"Phosphate manufacturing","PSC","2874","PHOSPHATIC FERTILIZERS"
423,"Steam electric power generating","PSC","4911","ELECTRICAL SERVICES"
423,"Steam electric power generating","PSC","4931","ELEC & OTHER SERVICES COMBINED"
423,"Steam electric power generating","PSC","4939","COMBINATION UTILITIES, NEC"
423,"Steam electric power generating","PSC","4961","STEAM & AIR-CONDITIONING SUP"
424,"Ferroalloy manufacturing","PSC","3313","ELECTROMETALLURGICAL PRODUCTS"
425,"Leather tanning and finishing","PSC","3111","LEATHER TANNING AND FINISHING"
426,"Glass manufacturing","PSC","3211","FLAT GLASS"
426,"Glass manufacturing","PSC","3221","GLASS CONTAINERS"
426,"Glass manufacturing","PSC","3229","PRESSED & BLOWN GLASS & GWARE"
426,"Glass manufacturing","PSC","3231","GLASS PROD MADE OF PURCH. GLAS"
426,"Glass manufacturing","PSC","3296","MINERAL WOOL"
427,"Asbestos manufacturing","PSC","3292","ASBESTOS PRODUCTS"
428,"Rubber manufacturing","PSC","2822","SYN RUBBER (VULCAN ELASTOMERS)"
428,"Rubber manufacturing","PSC","3011","TIRES AND INNER TUBES"
428,"Rubber manufacturing","PSC","3021","RUBBER AND PLASTICS FOOTWEAR"
428,"Rubber manufacturing","PSC","3052","RUBBER & PLASTICS HOSE & BELT"
428,"Rubber manufacturing","PSC","3053","GASKETS, PACKING & SEALING DEV"
428,"Rubber manufacturing","PSC","3061","MECHANICAL RUBBER GOODS"
428,"Rubber manufacturing","PSC","3069","FABRICATED RUBBER PRODUCTS,NEC"
429,"Timber products processing","PSC","2421","SAWMILLS & PLANING MILLS, GEN"
429,"Timber products processing","PSC","2431","MILLWORK"
429,"Timber products processing","PSC","2434","WOOD KITCHEN CABINETS"
429,"Timber products processing","PSC","2435","HARDWOOD VENEER AND PLYWOOD"
429,"Timber products processing","PSC","2436","SOFTWOOD VENEER AND PLYWOOD"
429,"Timber products processing","PSC","2439","STRUCTURAL WOOD MEMBERS, NEC"
429,"Timber products processing","PSC","2491","WOOD PRESERVING"
429,"Timber products processing","PSC","2493","RECONSTITUTED WOOD PRODUCTS"
429,"Timber products processing","PSC","2499","WOOD PRODUCTS, NEC"
429,"Timber products processing","PSC","2511","WOOD HOUSEHOLD FURN, EXC UPHOL"
429,"Timber products processing","PSC","2512","WOOD HOUSEHOLD FURN, UPHOLSTER"
429,"Timber products processing","PSC","2517","WOOD TV, RADIO, PHONO CABINET"
429,"Timber products processing","PSC","2521","WOOD OFFICE FURNITURE"
429,"Timber products processing","PSC","2541","WOOD PARTI,SHELF,LOCK,ETC"
430,"Pulp, paper and paperboard","PSC","2411-1","LOGGING CAMPS/LOGGING CONTRACT (PULP AND PAPER PHASE I)"
430,"Pulp, paper and paperboard","PSC","2611","PULP MILLS"
430,"Pulp, paper and paperboard","PSC","2611-1","PULP MILLS- Phase I"
430,"Pulp, paper and paperboard","PSC","2611-2","PULP MILLS- Phase II"
430,"Pulp, paper and paperboard","PSC","2611-3","PULP MILLS- Phase III"
430,"Pulp, paper and paperboard","PSC","2621","PAPER MILLS"
430,"Pulp, paper and paperboard","PSC","2621-1","PAPER MILLS- Phase I"
430,"Pulp, paper and paperboard","PSC","2621-2","PAPER MILLS- Phase II"
430,"Pulp, paper and paperboard","PSC","2621-3","PAPER MILLS- Phase III"
430,"Pulp, paper and paperboard","PSC","2631","PAPERBOARD MILLS"
430,"Pulp, paper and paperboard","PSC","2631-1","PAPERBOARD MILLS- Phase I"
430,"Pulp, paper and paperboard","PSC","2631-2","PAPERBOARD MILLS- Phase II"
430,"Pulp, paper and paperboard","PSC","2631-3","PAPERBOARD MILLS- Phase III"
430,"Pulp, paper and paperboard","PSC","2653","CORRUGATED/SOLID FIBER BOXES"
430,"Pulp, paper and paperboard","PSC","2655","FIBER CANS, TUBES,DRUMS & PROD"
430,"Pulp, paper and paperboard","PSC","2656","SANITARY FOOD CONTAINERS"
430,"Pulp, paper and paperboard","PSC","2657","FOLDING PAPERBOARD BOXES"
430,"Pulp, paper and paperboard","PSC","2671","COATED & LAMINATED PACKAGING"
430,"Pulp, paper and paperboard","PSC","2672","COATED & LAMINATED, NEC"
430,"Pulp, paper and paperboard","PSC","2674","BAGS,UNCOATD PAPER & MULTIWALL"
430,"Pulp, paper and paperboard","PSC","2679","CONV PAPER & PAPERBRD PRODUCTS"
432,"Meat and poultry products","PSC","2011","MEAT PACKING PLANTS"
432,"Meat and poultry products","PSC","2013","SAUSAGES & PREPARED MEAT PROD"
432,"Meat and poultry products","PSC","2015","POULTRY SLAUGHTERING & PROCESS"
432,"Meat and poultry products","PSC","2048MPP","PREP FEEDS & INGRED FOR ANIMA (MEAT AND POULTRY)"
432,"Meat and poultry products","PSC","2077","ANIMAL AND MARINE FATS & OILS"
433,"Metal finishing","PSC","2514","METAL HOUSEHOLD FURNITURE"
433,"Metal finishing","PSC","2522","METAL OFFICE FURNITURE"
433,"Metal finishing","PSC","2531","PUBLIC BUILDING/RELATED FURNIT"
433,"Metal finishing","PSC","2542","METAL PARTI,SHELF,LOCKERS"
433,"Metal finishing","PSC","2591","DRAPE HARDWARE/WINDOW BLINDS"
433,"Metal finishing","PSC","2599","FURNITURE AND FIXTURES, NEC"
433,"Metal finishing","PSC","2796","PLATEMAKING SERVICES"
433,"Metal finishing","PSC","3398","METAL HEAT TREATING"
433,"Metal finishing","PSC","3412","METAL BARRELS, DRUMS AND PAILS"
433,"Metal finishing","PSC","3421","CUTLERY"
433,"Metal finishing","PSC","3423","HAND AND EDGE TOOLS, NEC"
433,"Metal finishing","PSC","3425","HAND SAWS AND SAW BLADES"
433,"Metal finishing","PSC","3429","HARDWARE, NEC"
433,"Metal finishing","PSC","3431","METAL SANITARY WARE"
433,"Metal finishing","PSC","3432","PLUMB FIXTURE FITTINGS & TRIM"
433,"Metal finishing","PSC","3433","HEATING EQUIP, EXCEPT ELECTRIC"
433,"Metal finishing","PSC","3441","FABRICATED STRUCTURAL METAL"
433,"Metal finishing","PSC","3442","METAL DOORS, SASH, AND TRIM"
433,"Metal finishing","PSC","3443","FAB PLATE WORK (BOILER SHOPS)"
433,"Metal finishing","PSC","3444","SHEET METAL WORK"
433,"Metal finishing","PSC","3446","ARCHITECTURAL METAL WORK"
433,"Metal finishing","PSC","3448","PREFABRICATED METAL BUILDINGS"
433,"Metal finishing","PSC","3449","MISC. STRUCTUAL METAL WORK"
433,"Metal finishing","PSC","3451","SCREW MACHINE PRODUCTS"
433,"Metal finishing","PSC","3452","BOLTS, NUTS, RIVETS & WASHERS"
433,"Metal finishing","PSC","3462","IRON AND STEEL FORGINGS"
433,"Metal finishing","PSC","3465","AUTOMOTIVE STAMPINGS"
433,"Metal finishing","PSC","3466","CROWNS AND CLOSURES"
433,"Metal finishing","PSC","3469","METAL STAMPINGS, NEC"
433,"Metal finishing","PSC","3471","PLATING AND POLISHING"
433,"Metal finishing","PSC","3479","METAL COATING & ALLIED SERVIC"
433,"Metal finishing","PSC","3482","SMALL ARMS AMMUNITION"
433,"Metal finishing","PSC","3483","AMMUNIT., EXC. FOR SMALL ARMS"
433,"Metal finishing","PSC","3484","SMALL ARMS"
433,"Metal finishing","PSC","3489","ORDNANCE AND ACCESSORIES, NEC"
433,"Metal finishing","PSC","3491","INDUSTRIAL VALVES"
433,"Metal finishing","PSC","3492","FLUID POWER VALVES & HOSE FITT"
433,"Metal finishing","PSC","3493","STEEL SPRINGS, EXCEPT WIRE"
433,"Metal finishing","PSC","3494","VALVES AND PIPE FITTINGS, NEC"
433,"Metal finishing","PSC","3495","WIRE SPRINGS"
433,"Metal finishing","PSC","3496","MISC. FABRICATED WIRE PRODUCTS"
433,"Metal finishing","PSC","3497","METAL FOIL AND LEAF"
433,"Metal finishing","PSC","3498","FABRICATED PIPE AND FITTINGS"
433,"Metal finishing","PSC","3499","FABRICATED METAL PRODUCTS NEC"
433,"Metal finishing","PSC","3511","TURBINES & TURBINE GENERATOR"
433,"Metal finishing","PSC","3519","INTERNAL COMBUSTION ENGINES,"
433,"Metal finishing","PSC","3523","FARM MACHINERY AND EQUIPMENT"
433,"Metal finishing","PSC","3524","LAWN AND GARDEN EQUIPMENT"
433,"Metal finishing","PSC","3531","CONSTRUCTION MACHINERY"
433,"Metal finishing","PSC","3532","MINING MACHINERY"
433,"Metal finishing","PSC","3533","OIL FIELD MACHINERY"
433,"Metal finishing","PSC","3534","ELEVATORS AND MOVING STAIRWAYS"
433,"Metal finishing","PSC","3535","CONVEYORS & CONVEYING EQUIPMEN"
433,"Metal finishing","PSC","3536","CRANES/HOISTS/MONORAIL SYSTEMS"
433,"Metal finishing","PSC","3537","INDUSTRIAL TRUCKS AND TRACTORS"
433,"Metal finishing","PSC","3541","MACHINE TOOLS, METAL CUTTING"
433,"Metal finishing","PSC","3542","MACHINE TOOLS, METAL FORMING"
433,"Metal finishing","PSC","3543","INDUSTRIAL PATTERNS"
433,"Metal finishing","PSC","3544","SPECIAL DIES/TOOLS/JIGS & FIXT"
433,"Metal finishing","PSC","3545","MACHINE TOOL ACCESSORIES"
433,"Metal finishing","PSC","3546","POWER DRIVEN HAND TOOLS"
433,"Metal finishing","PSC","3547","ROLLING MILL MACHINERY"
433,"Metal finishing","PSC","3548","WELDING APPARATUS"
433,"Metal finishing","PSC","3549","METALWORKING MACHINERY, NEC"
433,"Metal finishing","PSC","3552","TEXTILE MACHINERY"
433,"Metal finishing","PSC","3553","WOODWORKING MACHINERY"
433,"Metal finishing","PSC","3554","PAPER INDUSTRIES MACHINERY"
433,"Metal finishing","PSC","3555","PRINTING TRADES MACHINERY"
433,"Metal finishing","PSC","3556","FOOD PRODUCTS MACHINERY"
433,"Metal finishing","PSC","3559","SPECIAL INDUSTRY MACHINERY,NEC"
433,"Metal finishing","PSC","3561","PUMPS AND PUMPING EQUIPMENT"
433,"Metal finishing","PSC","3562","BALL AND ROLLER BEARINGS"
433,"Metal finishing","PSC","3563","AIR AND GAS COMPRESSORS"
433,"Metal finishing","PSC","3564","BLOWER AND FANS"
433,"Metal finishing","PSC","3565","PACKAGING MACHINERY"
433,"Metal finishing","PSC","3566","SPEED CHANGERS, DRIVES & GEARS"
433,"Metal finishing","PSC","3567","INDUSTRIAL FURNACES AND OVENS"
433,"Metal finishing","PSC","3568","POWER TRANSMISSION EQUIPMENT"
433,"Metal finishing","PSC","3569","GENERAL INDUSTRIAL MACHINERY"
433,"Metal finishing","PSC","3571","ELECTRONIC COMPUTERS"
433,"Metal finishing","PSC","3572","COMPUTER STORAGE DEVICES"
433,"Metal finishing","PSC","3575","COMPUTER TERMINALS"
433,"Metal finishing","PSC","3577","COMPUTER PERIPHERAL EQUIP,NEC"
433,"Metal finishing","PSC","3578","CALC & ACCOUNTING EQUIPMENT"
433,"Metal finishing","PSC","3579","OFFICE MACHINES"
433,"Metal finishing","PSC","3581","AUTOMATIC MERCHANDISING MACHIN"
433,"Metal finishing","PSC","3582","COMMERCIAL LAUNDRY EQUIPMENT"
433,"Metal finishing","PSC","3585","REFRIGERATION & HEATING EQUIP"
433,"Metal finishing","PSC","3586","MEASURING & DISPENSING PUMPS"
433,"Metal finishing","PSC","3589","SERVICE INDUSTRY MACHINERY"
433,"Metal finishing","PSC","3592","CARBURETORS,PISTONS,RINGS,VALV"
433,"Metal finishing","PSC","3593","FLUID POWER CYLINDERS & ACTUAT"
433,"Metal finishing","PSC","3594","FLUID POWER PUMPS AND MOTORS"
433,"Metal finishing","PSC","3596","SCALES AND BALANCES, EXC. LAB"
433,"Metal finishing","PSC","3599","INDUSTRIAL MACHINERY, NEC"
433,"Metal finishing","PSC","3612","TRANSFORMERS"
433,"Metal finishing","PSC","3613","SWITCHGEAR & SWITCHBOARD APPAR"
433,"Metal finishing","PSC","3621","MOTORS AND GENERATORS"
433,"Metal finishing","PSC","3624","CARBON AND GRAPHITE PRODUCTS"
433,"Metal finishing","PSC","3625","RELAYS AND INDUSTRIAL CONTROLS"
433,"Metal finishing","PSC","3629","ELECTRICAL INDUSTRIAL APPARATS"
433,"Metal finishing","PSC","3632","HOUSEHOLD REFRIG. & FREEZERS"
433,"Metal finishing","PSC","3633","HOUSEHOLD LAUNDRY EQUIPMENT"
433,"Metal finishing","PSC","3634","ELECTRIC HOUSEWARES AND FANS"
433,"Metal finishing","PSC","3635","HOUSEHOLD VACUUM CLEANERS"
433,"Metal finishing","PSC","3639","HOUSEHOLD APPLIANCES, NEC"
433,"Metal finishing","PSC","3641","ELECTRIC LAMPS"
433,"Metal finishing","PSC","3643","CURRENT-CARRYING WIRING DEVICE"
433,"Metal finishing","PSC","3644","NONCURRENT-CARRYING WIRING DEV"
433,"Metal finishing","PSC","3645","RESIDENTIAL LIGHTING FIXTURES"
433,"Metal finishing","PSC","3646","COMMERCIAL LIGHTING FIXTURES"
433,"Metal finishing","PSC","3647","VEHICULAR LIGHTING EQUIPMENT"
433,"Metal finishing","PSC","3648","LIGHTING EQUIPMENT, NEC"
433,"Metal finishing","PSC","3651","RADIO AND TV RECEIVING SETS"
433,"Metal finishing","PSC","3652","PHONOGRAPH RECORDS"
433,"Metal finishing","PSC","3661","TELEPHONE/TELEGRAPH APPARATUS"
433,"Metal finishing","PSC","3663","RADIO & TV COMMUNICATION EQUIP"
433,"Metal finishing","PSC","3669","COMMUNICATIONS EQUIPMENT, NEC."
433,"Metal finishing","PSC","3672","PRINTED CIRCUT BOARD"
433,"Metal finishing","PSC","3675","ELECTRONIC CAPACITORS"
433,"Metal finishing","PSC","3676","RESISTORS FOR ELEC APPLICATION"
433,"Metal finishing","PSC","3677","ELEC COILS, TRANSF. & INDUCTOR"
433,"Metal finishing","PSC","3678","CONNECTORS FOR ELEC APPLICATIO"
433,"Metal finishing","PSC","3679","ELECTRONIC COMPONENTS, NEC"
433,"Metal finishing","PSC","3694","ELEC EQUIP FOR INT COMBUS ENGI"
433,"Metal finishing","PSC","3695","MAG & OPTICAL RECORDING MEDIA"
433,"Metal finishing","PSC","3699","ELEC MACHINERY,EQUIP & SUPPLIE"
433,"Metal finishing","PSC","3711","MOTOR VEHICLES & CAR BODIES"
433,"Metal finishing","PSC","3713","TRUCK & BUS BODIES"
433,"Metal finishing","PSC","3714","MOTOR VEHICLE PARTS & ACCESSOR"
433,"Metal finishing","PSC","3715","TRUCK TRAILERS"
433,"Metal finishing","PSC","3716","MOTOR HOMES"
433,"Metal finishing","PSC","3721","AIRCRAFT"
433,"Metal finishing","PSC","3724","AIRCRAFT ENGINES & ENGINE PART"
433,"Metal finishing","PSC","3728","AIRCRAFT PARTS AND EQUIP, NEC"
433,"Metal finishing","PSC","3731","SHIP BUILDING AND REPAIRING"
433,"Metal finishing","PSC","3732","BOAT BUILDING AND REPAIRING"
433,"Metal finishing","PSC","3743","RAILROAD EQUIPMENT"
433,"Metal finishing","PSC","3751","MOTORCYCLES, BICYCLES AND PART"
433,"Metal finishing","PSC","3761","GUIDED MISSILES & SPACE VEHICL"
433,"Metal finishing","PSC","3764","SPACE PROPULSION UNITS & PARTS"
433,"Metal finishing","PSC","3769","SPACE VEHICLE EQUIPMENT, NEC"
433,"Metal finishing","PSC","3792","TRAVEL TRAILERS AND CAMPERS"
433,"Metal finishing","PSC","3795","TANKS AND TANK COMPONENTS"
433,"Metal finishing","PSC","3799","TRANSPORTATION EQUIPMENT, NEC"
433,"Metal finishing","PSC","3812","SEARCH & NAVIGATION EQUIPMENT"
433,"Metal finishing","PSC","3821","LAB APPARATUS & FURNITURE"
433,"Metal finishing","PSC","3822","ENVIRONMENTAL CONTROLS"
433,"Metal finishing","PSC","3823","PROCESS CONTROL INSTRUMENTS"
433,"Metal finishing","PSC","3824","FLUID METERS & COUNTING DEVICE"
433,"Metal finishing","PSC","3825","INSTRUMENTS TO MEASURE ELECTRI"
433,"Metal finishing","PSC","3826","ANALYTICAL INSTRUMENTS"
433,"Metal finishing","PSC","3827","OPTICAL INSTRUMENTS AND LENSES"
433,"Metal finishing","PSC","3829","MEASURING & CONTROLLING DEVICE"
433,"Metal finishing","PSC","3841","SURGICAL & MEDICAL INSTRUMENTS"
433,"Metal finishing","PSC","3842","SURGICAL APPLIANCES & SUPPLIES"
433,"Metal finishing","PSC","3843","DENTAL EQUIPMENT AND SUPPLIES"
433,"Metal finishing","PSC","3844","X-RAY APPARATUS AND TUBES"
433,"Metal finishing","PSC","3845","ELECTROMEDICAL EQUIPMENT"
433,"Metal finishing","PSC","3851","OPHTHALMIC GOODS"
433,"Metal finishing","PSC","3861","PHOTOGRAPHIC EQUIP & SUPPLIES"
433,"Metal finishing","PSC","3873","WATCHES, CLOCKS & WATCHCASES"
433,"Metal finishing","PSC","3911","JEWELRY, PRECIOUS METAL"
433,"Metal finishing","PSC","3914","SILVERWARE AND PLATED WARE"
433,"Metal finishing","PSC","3915","JEWELERS' MATERIALS & LAPIDARY"
433,"Metal finishing","PSC","3931","MUSICAL INSTRUMENTS"
433,"Metal finishing","PSC","3944","GAMES, TOYS & CHILDREN'S VEHIC"
433,"Metal finishing","PSC","3949","SPORTING & ATHLETIC GOODS, NEC"
433,"Metal finishing","PSC","3951","PENS & MECHANICAL PENCILS"
433,"Metal finishing","PSC","3953","MARKING DEVICES"
433,"Metal finishing","PSC","3961","COSTUME JEWELRY"
433,"Metal finishing","PSC","3965","FASTENERS, BUTTONS, NEEDLES"
433,"Metal finishing","PSC","3993","SIGNS AND ADVERTISING DISPLAYS"
433,"Metal finishing","PSC","3995","BURIAL CASKETS"
433,"Metal finishing","PSC","3999","MANUFACTURING INDUSTRIES, NEC"
433,"Metal finishing","PSC","4011","RAILROADS, LINE HAUL OPERATING"
433,"Metal finishing","PSC","4013","RAILROAD SWTCHING & TERM ESTAB"
433,"Metal finishing","PSC","7692","WELDING REPAIR"
434,"Coal mining","PSC","1221","BITUMINOUS COAL & LIG, SURFACE"
434,"Coal mining","PSC","1222","BITUMINOUS COAL & LIG, UNDERGR"
434,"Coal mining","PSC","1231","ANTHRACITE MINING"
434,"Coal mining","PSC","1241","COAL MINING SERVICE"
435,"Oil and gas extraction","PSC","1311","CRUDE PETROLEUM & NATURAL GAS"
435,"Oil and gas extraction","PSC","1381","DRILLING OIL AND GAS WELLS"
435,"Oil and gas extraction","PSC","1382","OIL AND GAS FIELD EXPLORATION"
435,"Oil and gas extraction","PSC","1389","OIL AND & FIELD SERVICES, NEC"
435,"Oil and gas extraction","PSC","4925","MIXED,MANUFAC,OR LIQ GAS PROD"
436,"Mineral mining and processing","PSC","1411","DIMENSION STONE"
436,"Mineral mining and processing","PSC","1422","CRUSHED AND BROKEN LIMESTONE"
436,"Mineral mining and processing","PSC","1423","CRUSHED AND BROKEN GRANITE"
436,"Mineral mining and processing","PSC","1429","CRUSHED AND BROKEN STONE, NEC"
436,"Mineral mining and processing","PSC","1442","CONSTRUCTION SAND AND GRAVEL"
436,"Mineral mining and processing","PSC","1446","INDUSTRIAL SAND"
436,"Mineral mining and processing","PSC","1455","KAOLIN AND BALL CLAY"
436,"Mineral mining and processing","PSC","1459","CLAY, CERAMIC & REFRAC MAT NEC"
436,"Mineral mining and processing","PSC","1474","POTASH, SODA & BORATE MINERALS"
436,"Mineral mining and processing","PSC","1475","PHOSPHATE ROCK"
436,"Mineral mining and processing","PSC","1479","CHEM & FERT MINERA MINING, NEC"
436,"Mineral mining and processing","PSC","1481","NONMETAL MINERAL (EXCEPT FUELS"
436,"Mineral mining and processing","PSC","1499","MISC NONMETAL MINERALS, NEC"
436,"Mineral mining and processing","PSC","3251","BRICK AND STRUCTURAL CLAY TILE"
436,"Mineral mining and processing","PSC","3253","CERAMIC WALL AND FLOOR TILE"
436,"Mineral mining and processing","PSC","3255","CLAY REFRACTORIES"
436,"Mineral mining and processing","PSC","3259","STRUCTURAL CLAY PRODUCTS NEC"
436,"Mineral mining and processing","PSC","3261","VITREOUS CHINA PLUMBING FIXTUR"
436,"Mineral mining and processing","PSC","3262","VIT CHINA TABLE & KTCHN ARTICL"
436,"Mineral mining and processing","PSC","3263","FINE EARTHENWARE"
436,"Mineral mining and processing","PSC","3264","PORCELAIN ELECTRICAL SUPPLIES"
436,"Mineral mining and processing","PSC","3269","POTTERY PRODUCTS, NEC"
436,"Mineral mining and processing","PSC","3274","LIME"
436,"Mineral mining and processing","PSC","3275","GYPSUM PRODUCTS"
436,"Mineral mining and processing","PSC","3291","ABRASIVE PRODUCTS"
436,"Mineral mining and processing","PSC","3295","MINE & EARTHS, GROUND OR TREAT"
436,"Mineral mining and processing","PSC","3297","NONCLAY REFRACTORIES"
436,"Mineral mining and processing","PSC","3299","NONMETALLIC MINERAL PROD, NEC"
436,"Mineral mining and processing","PSC","5032","BRICK, STONE & RELAT MATERIALS"
437,"Centralized waste treatment","PSC","4953ALL",""
437,"Centralized waste treatment","PSC","CWT","CENTRALIZED WASTE TREATERS"
438,"Metal products and machinery","PSC","MPM","METAL PRODUCTS AND MACHINERY"
439,"Pharmaceutical manufacturing","PSC","2048Ph","PREP FEEDS & INGRED FOR ANIMA (PHARMACEUTICALS)"
439,"Pharmaceutical manufacturing","PSC","2833","MEDICINAL CHEM/BOTANICAL PRODU"
439,"Pharmaceutical manufacturing","PSC","2834","PHARMACEUTICAL PREPARATIONS"
439,"Pharmaceutical manufacturing","PSC","2835","DIAGNOSTIC SUBSTANCES"
439,"Pharmaceutical manufacturing","PSC","2836","BIOLOGCAL PROD, EXCEPT DIAGNOS"
440,"Ore mining and dressing","PSC","1011","IRON ORES"
440,"Ore mining and dressing","PSC","1021","COPPER ORES"
440,"Ore mining and dressing","PSC","1031","LEAD AND ZINC ORES"
440,"Ore mining and dressing","PSC","1041","GOLD ORES"
440,"Ore mining and dressing","PSC","1044","SILVER ORES"
440,"Ore mining and dressing","PSC","1061","FERROALLOY ORES, EXCL VANADIUM"
440,"Ore mining and dressing","PSC","1081","METAL MINING SERVICES"
440,"Ore mining and dressing","PSC","1094","URANIUM-RADIUM-VANADIUM ORES"
440,"Ore mining and dressing","PSC","1099","METAL ORES, NEC"
442,"Transportation equipment cleaning","PSC","4491","MARINE CARGO HANDLING"
442,"Transportation equipment cleaning","PSC","4499","WATER TRANSPORTATION SERIVCES"
442,"Transportation equipment cleaning","PSC","4741","RENTAL OF RAILROAD CARS"
442,"Transportation equipment cleaning","PSC","7699","REPAIR SHOPS & RELATED SERVICE"
443,"Paving and roofing materials (tars and asphalt)","PSC","2951","PAVING MIXTURES AND BLOCKS"
443,"Paving and roofing materials (tars and asphalt)","PSC","2952","ASPHALT FELT AND COATINGS"
443,"Paving and roofing materials (tars and asphalt)","PSC","3996","HARD SURFACE FLOOR COVERINGS"
444,"Waste combustors","PSC","4953","REFUSE SYSTEMS"
444,"Waste combustors","PSC","4953-1","REFUSE SYSTEMS"
444,"Waste combustors","PSC","4953ALL",""
444,"Waste combustors","PSC","4953WC","REFUSE SYSTEMS (WASTE COMBUSTORS)"
445,"Landfills","PSC","4953","REFUSE SYSTEMS"
445,"Landfills","PSC","4953-2","REFUSE SYSTEMS"
445,"Landfills","PSC","4953ALL",""
445,"Landfills","PSC","4953L","REFUSE SYSTEMS (LANDFILLS)"
446,"Paint formulating","PSC","2851","PAINTS/VARNISH/LACQUERS/ENAMEL"
447,"Ink formulating","PSC","2893","PRINTING INK"
449,"Airport deicing","PNC","4581","AIRPORTS, FLYING FIELDS & SER"
450,"Construction and development","PNC","1629","HEAVY CONSTRUCTION, NEC"
451,"Concentrated aquatic animal production","PSC","0273","ANIMAL AQUACULTURE"
442,"Transportation equipment cleaning","PSC","0921","FISH HATCHERIES AND PRESERVES"
454,"Gum and wood chemicals manufacturing","PSC","2861","GUM AND WOOD CHEMICALS"
455,"Pesticide chemicals","PSC","2821P","PLSTC MAT./SYN RESINS/NV ELAST (PESTICIDES)"
455,"Pesticide chemicals","PSC","2823P","CELLULOSIC MAN-MADE FIBERS (PESTICIDES)"
455,"Pesticide chemicals","PSC","2824P","SYN ORG FIBERS,EXCEPT CELLULOS (PESTICIDES)"
455,"Pesticide chemicals","PSC","2834P","PHARMACEUTICAL PREPARATIONS (PESTICIDES)"
455,"Pesticide chemicals","PSC","2842P","SPECIALTY CLEANING, POLISHING (PESTICIDES)"
455,"Pesticide chemicals","PSC","2844P","PERFUMES,COSMETICS,TOILET PREP (PESTICIDES)"
455,"Pesticide chemicals","PSC","2865P","CYCLIC CRUDES INTERM., DYES (PESTICIDES)"
455,"Pesticide chemicals","PSC","2869P","INDUST. ORGANIC CHEMICALS NEC (PESTICIDES)"
455,"Pesticide chemicals","PSC","2879","PESTICIDES & AGRICULTURAL CHEM"
455,"Pesticide chemicals","PSC","2891P","ADHESIVES AND SEALANTS (PESTICIDES)"
455,"Pesticide chemicals","PSC","2899P","CHEMICALS & CHEM PREP, NEC (PESTICIDES)"
455,"Pesticide chemicals","PSC","5169P","CHEMICALS AND ALLIED PRODUCTS (PESTICIDES)"
455,"Pesticide chemicals","PSC","VCCAP","CHLORINE AND CHLORINATED HYDROCARBONS (PESTICIDES)"
457,"Explosives manufacturing","PSC","2892","EXPLOSIVES"
458,"Carbon black manufacturing","PSC","2895","CARBON BLACK"
458,"Carbon black manufacturing","PSC","3624CB","CARBON AND GRAPHITE PRODUCTS (CARBON BLACK)"
459,"Photographic","PSC","7221","PHOTOGRAPHIC STUDIOS, POTRAIT"
459,"Photographic","PSC","7335","COMMERCIAL PHOTOGRAPHY"
459,"Photographic","PSC","7336","COMM ART & GRAPHIC DESIGN"
459,"Photographic","PSC","7384","PHOTOFINISHING LABORATORIES"
460,"Hospital","PSC","0741","VET SERVICES FOR LIVESTOCK"
460,"Hospital","PSC","0742","VET SERV FOR ANIMAL SPECIALTY"
460,"Hospital","PSC","8011","OFFICES & CLINICS OF MED DOCT"
460,"Hospital","PSC","8021","OUTPATIENT CARE FACILITIES"
460,"Hospital","PSC","8031","OFFICES/CLINCS OF DOC OF OSTEO"
460,"Hospital","PSC","8041","OFFICES & CLINICS OF CHIROPRAC"
460,"Hospital","PSC","8042","OFFICES & CLINICS OF OPTOMETRI"
